site_id,latitude,longitude,C1_Major_Roads,C5_Competitor_EVCS,C6_POI_Schools,C6_POI_Shopping_Malls,C6_POI_Restaurants,C6_POI_Hospitals,C6_POI_Theatres,C6_POI_Bus_Stops,C6_POI_Petrol_Bunks
SITE_001,25.308410194539526,82.95029735488956,8.3015,1.0,2.6659,1.5415,2.6477,2.388,1.1687,3.1981,2.2307
SITE_002,25.312922923776338,82.95036963237585,6.3224,1.0,2.4138,1.4782,2.1782,2.224,1.0495,2.4135,1.775
SITE_003,25.3174356500578,82.95044192725578,7.0869,1.0,2.1201,1.3789,1.7193,2.0075,1.0133,1.8653,1.3907
SITE_004,25.3219483733835,82.95051423953211,8.9426,1.0,1.853,1.2685,1.3814,1.779,1.0095,1.4226,1.1579
SITE_005,25.32646109375302,82.95058656920772,7.2666,1.0,1.6835,1.1794,1.1751,1.5852,1.0245,1.139,1.0524
SITE_006,25.330973811165975,82.95065891628538,5.4457,1.0,1.6623,1.1402,1.071,1.4734,1.0648,1.0288,1.0201
SITE_007,25.335486525621942,82.95073128076791,5.6795,1.0,1.8028,1.1681,1.0317,1.4862,1.1397,1.0037,1.0282
SITE_008,25.294806253392675,82.95504457276812,6.2264,1.0,3.1538,1.9591,2.7066,3.2071,3.6186,2.441,2.7557
SITE_009,25.299318978143837,82.95511698165545,8.2125,1.0,3.1769,1.9438,3.0263,3.266,2.4427,3.5602,3.0624
SITE_010,25.303831699939913,82.9551894079721,8.5922,1.0,3.1358,1.9313,3.0899,3.2199,1.6409,4.0784,2.9908
SITE_011,25.308344418780493,82.9552618517209,8.8469,1.0,3.004,1.8903,2.8252,3.0648,1.2296,3.9842,2.5562
SITE_012,25.31285713466516,82.9553343129047,7.5354,1.0,2.7799,1.7977,2.3692,2.8141,1.0685,3.7618,1.9789
SITE_013,25.317369847593515,82.95540679152627,7.7424,1.0,2.4981,1.6562,1.9032,2.5026,1.0261,3.2072,1.4941
SITE_014,25.321882557565146,82.95547928758845,8.3798,1.0,2.2244,1.4966,1.5238,2.1848,1.0415,2.2462,1.2004
SITE_015,25.326395264579638,82.95555180109406,6.4788,1.0,2.0364,1.3639,1.2635,1.9283,1.1165,1.4505,1.0685
SITE_016,25.33090796863659,82.95562433204594,4.7965,1.0,1.9972,1.2992,1.1235,1.8049,1.2873,1.1014,1.034
SITE_017,25.3354206697356,82.95569688044692,4.7679,1.0,2.1325,1.325,1.0731,1.8752,1.5772,1.0142,1.067
SITE_018,25.33993336787625,82.95576944629978,4.718,1.0,2.4184,1.4386,1.0718,2.1666,1.9334,1.0013,1.1877
SITE_019,25.34444606305813,82.9558420296074,4.8586,1.0,2.7831,1.6103,1.098,2.6458,2.2078,1.0001,1.4409
SITE_020,25.348958755280847,82.95591463037259,6.0306,1.0,3.1233,1.7871,1.1425,3.2026,2.2452,1.0,1.8313
SITE_021,25.28571491918763,82.95986336885562,5.9916,1.0,3.2427,2.9489,2.2202,3.8545,5.8005,1.055,2.8069
SITE_022,25.29022763646653,82.95993592636664,5.3084,1.0,3.2938,2.8461,2.4375,4.0999,5.0351,1.2706,2.7991
SITE_023,25.2947403507902,82.96000850134548,6.0875,1.0,3.3523,2.7057,2.7571,4.2174,3.7353,1.8314,2.8202
SITE_024,25.29925306215822,82.96008109379501,8.0812,1.0,3.4002,2.5629,3.0395,4.2064,2.4929,2.669,2.7599
SITE_025,25.303765770570195,82.96015370371799,8.8158,1.0,3.4017,2.4305,3.1,4.0725,1.6561,3.5041,2.53
SITE_026,25.308278476025702,82.9602263311173,7.6691,1.0,3.3212,2.294,2.8798,3.8239,1.236,4.4477,2.1391
SITE_027,25.312791178524336,82.96029897599574,8.983,1.0,3.1444,2.1313,2.4864,3.4777,1.0824,5.3826,1.704
SITE_028,25.317303878065697,82.96037163835614,8.2133,1.0,2.8937,1.9392,2.0501,3.073,1.0673,5.1971,1.3549
SITE_029,25.321816574649368,82.96044431820134,7.8482,1.0,2.6277,1.7442,1.6528,2.6773,1.1572,3.6381,1.1454
SITE_030,25.326329268274943,82.96051701553417,6.9492,1.0,2.4247,1.592,1.3596,2.3826,1.4091,2.0403,1.0523
SITE_031,25.330841958942006,82.96058973035743,6.7956,1.0,2.3554,1.5255,1.2052,2.2869,1.9182,1.2561,1.035
SITE_032,25.335354646650167,82.96066246267401,6.7643,1.0,2.4552,1.5658,1.1598,2.4642,2.7003,1.0402,1.0854
SITE_033,25.339867331398995,82.96073521248668,6.6713,1.0,2.707,1.7036,1.166,2.9268,3.5577,1.0043,1.2448
SITE_034,25.344380013188093,82.96080797979833,6.8243,1.0,3.0396,1.897,1.1955,3.592,4.0984,1.0003,1.5775
SITE_035,25.34889269201705,82.96088076461177,7.6632,1.0,3.3469,2.0804,1.243,4.2785,4.0053,1.0,2.0917
SITE_036,25.35340536788546,82.96095356692982,8.2584,1.0,3.5221,2.1843,1.2798,4.7574,3.3242,1.0,2.6516
SITE_037,25.281136169704872,82.96475418950313,7.8915,1.0,3.3142,4.014,2.306,4.6001,4.6907,1.0023,5.2972
SITE_038,25.285648876524476,82.96482691297608,7.4316,1.0,3.3798,4.107,2.3455,5.0499,4.82,1.0191,4.9159
SITE_039,25.290161580388286,82.96489965395816,7.0021,1.0,3.4571,4.002,2.5161,5.3126,4.1865,1.1017,4.3452
SITE_040,25.294674281295904,82.96497241245221,6.9463,1.0,3.5551,3.7419,2.7686,5.3882,3.1403,1.3466,3.6395
SITE_041,25.29918697924691,82.96504518846109,7.8308,1.0,3.6552,3.4088,3.0002,5.306,2.1605,1.8298,2.9604
SITE_042,25.303699674240896,82.96511798198758,8.3899,1.0,3.719,3.0741,3.065,5.0939,1.5187,2.7013,2.4016
SITE_043,25.308212366277452,82.96519079303455,7.9956,1.0,3.7044,2.768,2.9013,4.7646,1.217,4.3367,1.9509
SITE_044,25.312725055356175,82.9652636216048,8.0529,1.0,3.5865,2.4885,2.5711,4.3302,1.1417,6.3242,1.5831
SITE_045,25.317237741476646,82.9653364677012,8.8761,1.0,3.3751,2.2329,2.1649,3.8323,1.2188,6.7867,1.3079
SITE_046,25.321750424638466,82.9654093313266,8.9601,1.0,3.1184,2.0183,1.7666,3.3596,1.4856,4.9952,1.1364
SITE_047,25.326263104841228,82.96548221248379,8.9197,1.0,2.8915,1.877,1.4731,3.0392,2.0859,2.7346,1.0527
SITE_048,25.330775782084512,82.96555511117563,8.7955,1.0,2.7689,1.8377,1.3379,3.0004,3.162,1.4863,1.0301
SITE_049,25.335288456367916,82.96562802740497,8.7612,1.0,2.7945,1.9071,1.3165,3.3245,4.6326,1.0949,1.0601
SITE_050,25.33980112769103,82.96570096117465,8.6401,1.0,2.9595,2.0628,1.3245,3.9917,6.0247,1.0146,1.1677
SITE_051,25.344313796053445,82.96577391248746,8.6853,1.0,3.1993,2.2545,1.3285,4.8496,6.6487,1.0019,1.3956
SITE_052,25.348826461454752,82.96584688134632,8.574,1.0,3.4144,2.4142,1.3402,5.6345,6.1195,1.0002,1.7496
SITE_053,25.353339123894543,82.96591986775402,8.7319,1.0,3.5064,2.4765,1.3442,6.0616,4.7189,1.0,2.1371
SITE_054,25.35785178337241,82.96599287171344,8.6457,1.0,3.4138,2.4058,1.2979,5.9521,3.1558,1.0,2.3804
SITE_055,25.276557277339972,82.9696446433437,8.2223,1.0,3.2411,4.2165,2.4966,4.7287,2.7478,1.002,6.8569
SITE_056,25.281069973667933,82.96971753269032,8.1461,1.0,3.3733,4.7111,2.3674,5.4651,3.2336,1.0016,7.1679
SITE_057,25.285582667039538,82.96979043958737,8.6144,1.0,3.5009,4.9762,2.3904,6.0142,3.3073,1.0051,7.0034
SITE_058,25.290095357454387,82.9698633640377,8.9775,1.0,3.652,4.9463,2.5237,6.3352,2.9337,1.0275,6.2631
SITE_059,25.294608044912078,82.96993630604415,8.9016,1.0,3.8306,4.6553,2.7335,6.4522,2.3301,1.1076,5.2164
SITE_060,25.299120729412184,82.97000926560952,8.9101,1.0,4.015,4.2132,2.9585,6.4136,1.7795,1.3344,4.2536
SITE_061,25.303633410954305,82.97008224273668,8.5106,1.0,4.1637,3.7373,3.0727,6.2425,1.4442,1.9856,3.5154
SITE_062,25.308146089538035,82.97015523742849,8.0374,1.0,4.2292,3.2986,2.9862,5.9258,1.3418,3.5563,2.8942
SITE_063,25.312658765162954,82.97022824968775,7.973,1.0,4.1766,2.9203,2.7137,5.4543,1.429,5.7617,2.2963
SITE_064,25.317171437828666,82.97030127951732,8.7334,1.0,4.0025,2.6101,2.3268,4.8755,1.6966,6.7456,1.7643
SITE_065,25.321684107534747,82.97037432692005,8.7553,1.0,3.7441,2.3838,1.9294,4.3165,2.2437,5.4059,1.3799
SITE_066,25.3261967742808,82.97044739189877,8.4171,1.0,3.472,2.2627,1.6472,3.9574,3.269,3.2177,1.1605
SITE_067,25.330709438066407,82.97052047445635,7.735,1.0,3.2651,2.2551,1.5405,3.9688,4.8789,1.802,1.0632
SITE_068,25.335222098891165,82.97059357459561,7.2738,1.0,3.1768,2.3436,1.5398,4.4366,6.7864,1.2352,1.039
SITE_069,25.33973475675466,82.97066669231941,7.9401,1.0,3.2095,2.4866,1.5275,5.2981,8.2413,1.0573,1.0659
SITE_070,25.344247411656493,82.9707398276306,8.364,1.0,3.3103,2.6276,1.4672,6.3201,8.4548,1.0104,1.1443
SITE_071,25.348760063596238,82.97081298053202,8.051,1.0,3.3918,2.7087,1.4004,7.1535,7.2446,1.0013,1.2707
SITE_072,25.353272712573506,82.97088615102652,8.95,1.0,3.3696,2.6853,1.3437,7.4671,5.224,1.0001,1.4104
SITE_073,25.357785358587876,82.97095933911697,7.0832,1.0,3.196,2.5425,1.2685,7.1007,3.2938,1.0,1.4989
SITE_074,25.362298001638937,82.9710325448062,7.2873,1.0,2.8722,2.303,1.1696,6.1405,1.9953,1.0,1.4856
SITE_075,25.271978242194336,82.97453473047125,8.5711,1.0,3.0025,3.5045,2.7912,3.9835,1.5174,1.0153,4.8651
SITE_076,25.276490927998307,82.97460778560333,7.4965,1.0,3.2378,4.1548,2.5114,4.8811,1.8311,1.0155,5.9495
SITE_077,25.281003610845378,82.97468085832709,7.7435,1.0,3.4537,4.7293,2.3614,5.6993,2.0998,1.0097,6.7829
SITE_078,25.285516290735117,82.97475394864543,8.2987,1.0,3.6835,5.0971,2.3644,6.3474,2.2209,1.0045,7.0084
SITE_079,25.290028967667137,82.97482705656115,7.0799,1.0,3.9459,5.1806,2.4699,6.807,2.1685,1.0067,6.6202
SITE_080,25.294541641641025,82.97490018207712,7.4642,1.0,4.2374,5.0018,2.673,7.1168,2.0051,1.028,6.0272
SITE_081,25.29905431265636,82.97497332519617,8.0362,1.0,4.5314,4.6605,2.9483,7.3087,1.8387,1.1191,5.5971
SITE_082,25.30356698071274,82.97504648592118,8.9535,1.0,4.7824,4.2641,3.1741,7.3552,1.7872,1.4758,5.2695
SITE_083,25.308079645809755,82.97511966425496,8.4786,1.0,4.9361,3.8746,3.2155,7.184,1.9395,2.4815,4.7384
SITE_084,25.312592307946993,82.97519286020038,8.8899,1.0,4.9468,3.5118,3.0262,6.7519,2.3101,4.1025,3.8892
SITE_085,25.317104967124042,82.97526607376027,8.8453,1.0,4.7973,3.1904,2.6542,6.1192,2.8697,5.2046,2.9179
SITE_086,25.321617623340504,82.97533930493749,8.0282,1.0,4.5147,2.9414,2.2288,5.4659,3.6765,4.8243,2.0949
SITE_087,25.326130276595954,82.97541255373491,7.6349,1.0,4.1677,2.7993,1.9156,5.0377,4.9004,3.5881,1.5463
SITE_088,25.330642926889997,82.97548582015536,8.7288,1.0,3.8431,2.7729,1.7916,5.051,6.5546,2.4532,1.2452
SITE_089,25.335155574222217,82.97555910420172,8.3108,1.0,3.6086,2.8313,1.7703,5.5947,8.178,1.6641,1.1076
SITE_090,25.339668218592198,82.9756324058768,8.7464,1.0,3.482,2.9146,1.7069,6.5612,8.9651,1.2193,1.0604
SITE_091,25.344180859999533,82.97570572518349,8.5319,1.0,3.424,2.9591,1.563,7.6426,8.3743,1.0477,1.0576
SITE_092,25.34869349844383,82.97577906212463,8.3919,1.0,3.3602,2.9187,1.4071,8.4224,6.6152,1.0066,1.0742
SITE_093,25.353206133924658,82.97585241670309,8.9858,1.0,3.2186,2.7759,1.2888,8.5477,4.4857,1.0006,1.0942
SITE_094,25.35771876644162,82.97592578892173,8.9085,1.0,2.962,2.5433,1.1959,7.8964,2.7519,1.0,1.1045
SITE_095,25.36223139599431,82.9759991787834,8.7666,1.0,2.5968,2.257,1.1135,6.6304,1.7086,1.0,1.097
SITE_096,25.26739906436937,82.97942445097966,6.1727,1.0,2.638,2.7657,3.1312,2.8512,1.1027,1.0456,2.5095
SITE_097,25.27191173961703,82.97949767180896,8.139,1.0,2.9897,3.2981,2.8874,3.6669,1.2227,1.0808,3.3931
SITE_098,25.276424411907204,82.97957091027122,8.7749,1.0,3.3185,3.8576,2.5969,4.5483,1.42,1.0878,4.3613
SITE_099,25.28093708123951,82.9796441663693,8.0394,1.0,3.6506,4.3596,2.4545,5.3958,1.7019,1.0587,5.0948
SITE_100,25.285449747613526,82.97971744010607,8.1759,1.0,4.0088,4.7152,2.4553,6.1485,2.042,1.0244,5.3706
SITE_101,25.289962411028842,82.97979073148434,7.6851,1.0,4.4023,4.8831,2.5492,6.8085,2.3597,1.0091,5.348
SITE_102,25.294475071485053,82.97986404050701,7.2284,1.0,4.821,4.8944,2.7601,7.4039,2.5614,1.0168,5.4615
SITE_103,25.298987728981736,82.9799373671769,6.4949,1.0,5.2331,4.8204,3.0967,7.9172,2.6611,1.0641,5.9367
SITE_104,25.3035003835185,82.98001071149687,8.3181,1.0,5.5876,4.7108,3.4507,8.249,2.8449,1.2279,6.4943
SITE_105,25.308013035094916,82.9800840734698,7.994,1.0,5.8219,4.5612,3.6464,8.2645,3.3227,1.6888,6.6124
SITE_106,25.312525683710597,82.98015745309851,6.9034,1.0,5.8779,4.3425,3.5548,7.8969,4.0877,2.5509,6.0228
SITE_107,25.317038329365104,82.98023085038588,8.3587,1.0,5.7262,4.0545,3.1748,7.2289,4.9283,3.5194,4.8965
SITE_108,25.321550972058045,82.98030426533477,8.8926,1.0,5.3868,3.75,2.6603,6.4927,5.7344,4.2055,3.6306
SITE_109,25.326063611789017,82.98037769794801,7.0853,1.0,4.9315,3.5051,2.2351,5.9867,6.6307,4.4409,2.5599
SITE_110,25.330576248557595,82.9804511482285,7.0514,1.0,4.461,3.3667,2.0144,5.9536,7.6352,3.9262,1.8338
SITE_111,25.33508888236338,82.98052461617907,8.0049,1.0,4.0624,3.321,1.9163,6.4715,8.3217,2.7448,1.4399
SITE_112,25.339601513205942,82.98059810180258,8.6855,1.0,3.7722,3.304,1.7861,7.3928,8.0938,1.6761,1.2762
SITE_113,25.3441141410849,82.98067160510193,8.8429,1.0,3.5652,3.2403,1.5794,8.365,6.8033,1.1651,1.2222
SITE_114,25.348626765999832,82.98074512607994,8.9977,1.0,3.3757,3.0822,1.3687,8.9533,4.9367,1.0251,1.1902
SITE_115,25.353139387950325,82.98081866473949,8.9727,1.0,3.1369,2.8264,1.2171,8.8306,3.1953,1.0024,1.1458
SITE_116,25.35765200693598,82.98089222108344,7.1388,1.0,2.8137,2.5071,1.1226,7.9344,2.0004,1.0001,1.0943
SITE_117,25.362164622956374,82.98096579511468,6.7904,1.0,2.4113,2.1753,1.0624,6.4881,1.3705,1.0,1.0513
SITE_118,25.267332408625467,82.98438719140117,5.975,1.0,2.6503,2.7715,3.225,2.5722,1.057,1.1574,2.4935
SITE_119,25.271845070326446,82.9844605955137,7.8733,1.0,3.104,3.2837,3.0677,3.3454,1.1684,1.3002,3.2
SITE_120,25.27635772906897,82.9845340173033,8.8976,1.0,3.5573,3.7993,2.9089,4.2157,1.4286,1.3514,3.8471
SITE_121,25.28087038485265,82.98460745677285,8.4908,1.0,4.0251,4.249,2.9027,5.1061,1.9149,1.2525,4.2085
SITE_122,25.28538303767707,82.98468091392517,8.1856,1.0,4.52,4.5831,2.9982,5.9713,2.6095,1.1123,4.234
SITE_123,25.289895687541804,82.98475438876316,8.8967,1.0,5.0446,4.805,3.1306,6.8078,3.3287,1.0385,4.2116
SITE_124,25.294408334446473,82.98482788128966,8.8737,1.0,5.5842,4.9698,3.3356,7.6112,3.8384,1.0483,4.6011
SITE_125,25.298920978390637,82.98490139150753,7.6976,1.0,6.1029,5.135,3.6602,8.3146,4.1314,1.1411,5.6209
SITE_126,25.3034336193739,82.98497491941964,7.7314,1.0,6.5428,5.3002,4.0452,8.7762,4.5222,1.3051,6.9789
SITE_127,25.307946257395848,82.98504846502885,8.9542,1.0,6.8311,5.3934,4.3068,8.8465,5.3145,1.5125,8.0228
SITE_128,25.312458892456075,82.98512202833801,7.5502,1.0,6.8982,5.3249,4.2349,8.4762,6.377,1.8545,8.1833
SITE_129,25.316971524554162,82.98519560934999,8.3147,1.0,6.7056,5.0644,3.7697,7.783,7.2322,2.6327,7.3368
SITE_130,25.321484153689703,82.98526920806766,8.3774,1.0,6.272,4.6751,3.0928,7.0267,7.6173,4.1566,5.8307
SITE_131,25.325996779862287,82.98534282449388,8.3304,1.0,5.6788,4.277,2.4928,6.5074,7.7216,5.9097,4.2222
SITE_132,25.330509403071517,82.98541645863153,7.2847,1.0,5.0452,3.9721,2.1255,6.443,7.7313,6.2592,2.9673
SITE_133,25.335022023316967,82.98549011048347,8.6938,1.0,4.4817,3.7867,1.9256,6.8737,7.4225,4.625,2.2459
SITE_134,25.339534640598227,82.98556378005256,8.1585,1.0,4.0446,3.6679,1.7437,7.6251,6.4644,2.5695,1.9623
SITE_135,25.344047254914905,82.98563746734168,8.5614,1.0,3.7207,3.5272,1.5221,8.3504,4.9464,1.4235,1.8757
SITE_136,25.34855986626657,82.98571117235369,8.4479,1.0,3.4471,3.2967,1.3097,8.6622,3.3625,1.0711,1.7744
SITE_137,25.35307247465282,82.98578489509147,8.766,1.0,3.1528,2.9651,1.1595,8.3064,2.1623,1.0074,1.5863
SITE_138,25.357585080073253,82.9858586355579,6.8003,1.0,2.7945,2.5754,1.0743,7.2851,1.4686,1.0005,1.3628
SITE_139,25.36209768252745,82.98593239375583,6.0973,1.0,2.3692,2.1933,1.0313,5.844,1.1545,1.0,1.1809
SITE_140,25.267265586204466,82.98934991414843,5.0809,1.0,2.7914,2.9055,3.2332,2.5626,1.064,1.3835,3.2667
SITE_141,25.271778234324913,82.98942350154135,6.5513,1.0,3.3683,3.5507,3.3525,3.3885,1.2176,1.7873,3.829
SITE_142,25.276290879485924,82.98949710665545,8.0758,1.0,3.9538,4.2117,3.5623,4.3364,1.5965,1.992,4.1854
SITE_143,25.280803521687112,82.98957072949358,8.9135,1.0,4.5511,4.7964,3.918,5.3215,2.3148,1.7674,4.277
SITE_144,25.285316160928062,82.98964437005864,8.363,1.0,5.1657,5.2426,4.2784,6.2776,3.3377,1.3667,4.1846
SITE_145,25.289828797208365,82.98971802835347,8.9763,1.0,5.7979,5.5538,4.5259,7.1675,4.3985,1.1279,4.1858
SITE_146,25.294341430527606,82.98979170438095,7.5507,1.0,6.4327,5.7896,4.6856,7.953,5.1785,1.1383,4.6375
SITE_147,25.298854060885375,82.98986539814393,8.8353,1.0,7.0313,6.0091,4.8591,8.5553,5.6621,1.4054,5.7102
SITE_148,25.30336668828126,82.98993910964532,7.554,1.0,7.5276,6.2087,5.0868,8.8597,6.2063,1.848,7.1804
SITE_149,25.307879312714856,82.99001283888794,8.646,1.0,7.8372,6.3092,5.223,8.7779,7.0873,2.1438,8.4741
SITE_150,25.312391934185747,82.99008658587468,8.4947,1.0,7.8795,6.2112,5.0003,8.3254,8.0378,2.1664,8.9852
SITE_151,25.316904552693533,82.99016035060842,8.9095,1.0,7.6114,5.8775,4.3187,7.6503,8.4718,2.5618,8.451
SITE_152,25.321417168237787,82.99023413309202,8.5429,1.0,7.0562,5.3743,3.405,6.9883,8.1811,4.3056,7.0929
SITE_153,25.325929780818107,82.99030793332835,8.3757,1.0,6.31,4.8393,2.6084,6.5708,7.5217,7.0689,5.4481
SITE_154,25.330442390434087,82.99038175132029,8.7972,1.0,5.5141,4.403,2.102,6.5364,6.8373,8.3936,4.0676
SITE_155,25.33495499708532,82.99045558707073,8.1929,1.0,4.802,4.1195,1.8224,6.8732,6.0385,6.6763,3.2611
SITE_156,25.339467600771375,82.9905294405825,8.7369,1.0,4.2488,3.9479,1.6236,7.4075,4.9157,3.7182,2.9806
SITE_157,25.34398020149186,82.99060331185854,8.5842,1.0,3.85,3.7885,1.4288,7.8511,3.5827,1.8097,2.9066
SITE_158,25.34849279924637,82.99067720090167,8.6896,1.0,3.5401,3.5476,1.2507,7.9108,2.4012,1.1499,2.7133
SITE_159,25.35300539403447,82.99075110771483,8.3004,1.0,3.2363,3.1913,1.1225,7.4204,1.6178,1.0172,2.3032
SITE_160,25.357517985855782,82.99082503230083,8.0659,1.0,2.8798,2.7577,1.0502,6.4207,1.2207,1.0012,1.8081
SITE_161,25.36203057470987,82.99089897466258,8.0959,1.0,2.4536,2.3246,1.0174,5.1315,1.0639,1.0001,1.4034
SITE_162,25.366543160596333,82.990972934803,8.0109,1.0,1.9763,1.9593,1.0051,3.8349,1.015,1.0,1.1615
SITE_163,25.267198597108706,82.99431261917739,4.0026,1.0,3.0384,3.0822,3.1858,2.8724,1.0739,1.6591,3.8389
SITE_164,25.27171123161474,82.99438638984782,5.9805,1.0,3.7228,3.9683,3.7456,3.8389,1.2504,2.4567,4.3573
SITE_165,25.27622386316038,82.99446017828355,7.8869,1.0,4.4081,4.9278,4.5233,4.9192,1.6803,2.976,4.6731
SITE_166,25.28073649174522,82.99453398448742,8.3776,1.0,5.0893,5.8219,5.4247,5.9913,2.4892,2.6455,4.8868
SITE_167,25.285249117368835,82.99460780846232,7.3947,1.0,5.7712,6.5341,6.1746,6.9469,3.6507,1.8451,5.1252
SITE_168,25.289761740030823,82.99468165021113,8.8487,1.0,6.4597,7.0203,6.5744,7.7149,4.9034,1.3041,5.501
SITE_169,25.294274359730775,82.99475550973672,8.79,1.0,7.1456,7.3081,6.6398,8.2512,5.9163,1.2882,6.0793
SITE_170,25.298786976468275,82.99482938704196,8.4307,1.0,7.7897,7.4479,6.5625,8.5194,6.6102,1.8675,6.8241
SITE_171,25.303299590242908,82.99490328212973,8.4315,1.0,8.3173,7.4555,6.5171,8.4932,7.211,2.9358,7.5623
SITE_172,25.307812201054276,82.9949771950029,8.9776,1.0,8.6301,7.2949,6.3992,8.1872,7.858,3.7299,8.0263
SITE_173,25.31232480890196,82.99505112566435,8.8903,1.0,8.6356,6.9208,5.8804,7.6819,8.2735,3.5731,7.99
SITE_174,25.316837413785546,82.99512507411696,7.2912,1.0,8.2871,6.3414,4.8478,7.1161,8.059,3.2224,7.4004
SITE_175,25.321350015704628,82.99519904036362,7.7735,1.0,7.6151,5.6462,3.6163,6.6442,7.2644,4.2731,6.3913
SITE_176,25.3258626146588,82.99527302440718,8.2265,1.0,6.732,4.9747,2.608,6.3863,6.361,6.9775,5.2167
SITE_177,25.33037521064764,82.99534702625056,8.6204,1.0,5.7997,4.4493,1.9896,6.3916,5.6378,8.9251,4.1847
SITE_178,25.334887803670746,82.9954210458966,8.8274,1.0,4.9728,4.1181,1.6679,6.6189,4.9281,7.7037,3.5437
SITE_179,25.33940039372771,82.99549508334822,8.6535,1.0,4.3416,3.9386,1.4808,6.9355,3.9967,4.543,3.3106
SITE_180,25.343912980818114,82.99556913860827,8.9562,1.0,3.9075,3.8053,1.3295,7.1454,2.9264,2.165,3.2318
SITE_181,25.348425564941557,82.99564321167968,8.4025,1.0,3.5999,3.6076,1.1956,7.0563,2.0086,1.238,2.9991
SITE_182,25.35293814609761,82.9957173025653,8.4122,1.0,3.322,3.2879,1.0955,6.5643,1.424,1.0302,2.519
SITE_183,25.35745072428589,82.99579141126802,8.7344,1.0,2.9971,2.8669,1.0374,5.705,1.1424,1.0024,1.9429
SITE_184,25.36196329950596,82.99586553779072,8.4788,1.0,2.5929,2.4204,1.0116,4.6361,1.0382,1.0001,1.4716
SITE_185,25.366475871757437,82.99593968213631,8.7564,1.0,2.1198,2.0277,1.0028,3.5603,1.0082,1.0,1.1892
SITE_186,25.267131441340492,82.99927530644392,4.0157,1.0,3.3023,3.1075,3.144,3.2759,1.0655,1.7994,3.6758
SITE_187,25.271644062198273,82.99934926038901,5.9246,1.0,4.0363,4.1714,4.1478,4.3392,1.2198,2.9019,4.475
SITE_188,25.27615668009468,82.99942323214349,7.792,1.0,4.747,5.3736,5.4665,5.4587,1.5963,3.7774,5.2173
SITE_189,25.2806692950293,82.99949722171021,8.3083,1.0,5.4279,6.5444,6.8556,6.4803,2.3184,3.4899,5.9154
SITE_190,25.285181907001718,82.99957122909211,8.5875,1.0,6.0923,7.5243,7.9224,7.2767,3.399,2.3749,6.5861
SITE_191,25.28969451601153,82.99964525429202,8.8074,1.0,6.7608,8.2229,8.4132,7.7801,4.6517,1.5155,7.2084
SITE_192,25.294207122058314,82.99971929731284,8.8011,1.0,7.4378,8.6273,8.3745,7.9828,5.779,1.4311,7.6984
SITE_193,25.298719725141666,82.99979335815746,8.6289,1.0,8.0892,8.7585,8.1174,7.9197,6.6055,2.3208,7.9335
SITE_194,25.303232325261177,82.99986743682875,8.3388,1.0,8.6333,8.6228,7.9187,7.6545,7.1556,4.1698,7.8178
SITE_195,25.30774492241644,82.99994153332959,8.4803,1.0,8.9564,8.2052,7.6337,7.2697,7.4356,5.8283,7.336
SITE_196,25.312257516607023,83.00001564766288,8.3741,1.0,8.9513,7.5109,6.8246,6.8549,7.286,5.8253,6.5676
SITE_197,25.31677010783254,83.00008977983148,7.9376,1.0,8.5643,6.6127,5.393,6.4888,6.6404,4.6781,5.6563
SITE_198,25.321282696092563,83.00016392983831,8.9618,1.0,7.8287,5.6531,3.7977,6.2238,5.8042,4.4154,4.7349
SITE_199,25.325795281386686,83.00023809768624,8.7644,1.0,6.8676,4.7936,2.5642,6.0836,5.2026,5.9746,3.8846
SITE_200,25.330307863714502,83.00031228337814,7.5187,1.0,5.8579,4.1495,1.8495,6.0679,4.8788,7.7031,3.1811
SITE_201,25.334820443075607,83.00038648691692,8.6904,1.0,4.9687,3.7523,1.508,6.151,4.4768,7.124,2.7143
SITE_202,25.33933301946957,83.00046070830548,8.861,1.0,4.3017,3.5508,1.3426,6.2711,3.7287,4.5411,2.4971
SITE_203,25.343845592895992,83.0005349475467,8.6472,1.0,3.8633,3.4396,1.2327,6.327,2.7653,2.2777,2.3958
SITE_204,25.348358163354472,83.00060920464345,8.2921,1.0,3.5798,3.3046,1.1398,6.202,1.9175,1.2865,2.2283
SITE_205,25.352870730844586,83.00068347959866,8.9654,1.0,3.3442,3.071,1.0686,5.8135,1.3794,1.0399,1.9278
SITE_206,25.35738329536592,83.00075777241518,7.5418,1.0,3.0661,2.7326,1.0264,5.1581,1.1244,1.0034,1.5756
SITE_207,25.36189585691807,83.00083208309597,7.5989,1.0,2.7008,2.3437,1.0078,4.3199,1.0323,1.0002,1.2884
SITE_208,25.366408415500633,83.00090641164387,7.1789,1.0,2.2509,1.9778,1.0017,3.4346,1.0066,1.0,1.116
SITE_209,25.271576726077836,83.00431211312079,6.3335,1.0,4.1682,3.79,4.3248,4.3978,1.1526,2.7522,4.0405
SITE_210,25.276089330291146,83.00438626819114,8.33,1.0,4.8101,4.9552,5.8646,5.3416,1.421,3.7547,5.0359
SITE_211,25.280601931541685,83.00446044111787,8.9976,1.0,5.3924,6.1306,7.391,6.1112,1.9548,3.6585,5.8531
SITE_212,25.285114529829038,83.00453463190385,8.608,1.0,5.9445,7.1657,8.4941,6.6117,2.7935,2.579,6.4112
SITE_213,25.2896271251528,83.004608840552,8.8815,1.0,6.5089,7.9702,8.9474,6.8216,3.8256,1.6217,6.7378
SITE_214,25.29413971751255,83.00468306706519,8.9247,1.0,7.1109,8.5178,8.8711,6.7859,4.8175,1.4633,6.875
SITE_215,25.298652306907897,83.00475731144628,8.8806,1.0,7.7273,8.7994,8.6656,6.5898,5.5646,2.4278,6.8093
SITE_216,25.303164893338405,83.00483157369821,8.9312,1.0,8.2746,8.779,8.5995,6.3285,5.978,4.6902,6.4946
SITE_217,25.307677476803672,83.00490585382384,8.7984,1.0,8.6277,8.4022,8.3823,6.0808,6.0064,7.1157,5.9045
SITE_218,25.312190057303294,83.00498015182606,8.9834,1.0,8.6638,7.6586,7.4482,5.89,5.6197,7.7117,5.0756
SITE_219,25.316702634836844,83.0050544677078,8.2045,1.0,8.3162,6.6379,5.7437,5.7595,4.9796,6.4064,4.1307
SITE_220,25.321215209403935,83.0051288014719,8.6421,1.0,7.6113,5.5221,3.8817,5.6657,4.4668,5.13,3.2367
SITE_221,25.32572778100413,83.00520315312129,7.4379,1.0,6.6702,4.5112,2.4861,5.584,4.3326,5.2537,2.5152
SITE_222,25.33024034963703,83.00527752265884,6.7688,1.0,5.6723,3.742,1.7099,5.5094,4.3826,6.0632,2.0054
SITE_223,25.33475291530223,83.00535191008748,8.5481,1.0,4.7912,3.2524,1.3641,5.4562,4.172,5.6838,1.695
SITE_224,25.3392654779993,83.00542631541008,7.8264,1.0,4.1349,2.9955,1.2207,5.4321,3.5005,3.8596,1.5406
SITE_225,25.34377803772785,83.00550073862955,8.589,1.0,3.7156,2.8762,1.144,5.4082,2.591,2.1049,1.4676
SITE_226,25.34829059448746,83.00557517974877,8.4174,1.0,3.4625,2.7881,1.0856,5.313,1.8054,1.2671,1.3978
SITE_227,25.352803148277715,83.00564963877068,7.6536,1.0,3.2679,2.6484,1.0416,5.0633,1.3227,1.0402,1.2971
SITE_228,25.357315699098216,83.00572411569814,8.9057,1.0,3.0368,2.4252,1.0157,4.6133,1.1022,1.0038,1.1839
SITE_229,25.36182824694854,83.00579861053409,8.8028,1.0,2.7183,2.141,1.0045,3.9867,1.0256,1.0002,1.0922
SITE_230,25.36634079182829,83.0058731232814,8.8998,1.0,2.3082,1.849,1.001,3.2709,1.005,1.0,1.0372
SITE_231,25.271509223255773,83.0092749479991,7.4516,1.0,4.0515,2.9134,4.0986,3.867,1.1003,2.1391,2.8977
SITE_232,25.276021813752124,83.00934928638243,8.9701,1.0,4.5481,3.749,5.4234,4.4685,1.2715,2.9279,3.561
SITE_233,25.28053440128472,83.00942364266626,7.3336,1.0,4.9573,4.6198,6.6525,4.8797,1.6091,3.003,3.9979
SITE_234,25.285046985853143,83.00949801685347,6.6097,1.0,5.3276,5.4301,7.4869,5.0695,2.1389,2.2798,4.1506
SITE_235,25.289559567456987,83.00957240894694,6.9813,1.0,5.7244,6.1283,7.8031,5.0695,2.7939,1.5324,4.1158
SITE_236,25.294072146095846,83.00964681894958,7.0959,1.0,6.1945,6.7036,7.7841,4.9546,3.4292,1.3582,4.0313
SITE_237,25.298584721769295,83.00972124686429,6.949,1.0,6.7306,7.1388,7.8195,4.8118,3.9057,2.0961,3.96
SITE_238,25.303097294476927,83.00979569269397,6.9316,1.0,7.2567,7.3664,8.0592,4.7126,4.1395,4.0548,3.8636
SITE_239,25.307609864218335,83.00987015644148,7.5655,1.0,7.6453,7.2826,8.0624,4.692,4.0844,6.5367,3.6479
SITE_240,25.312122430993096,83.00994463810977,8.9569,1.0,7.7645,6.8199,7.2168,4.7408,3.772,7.7744,3.2443
SITE_241,25.31663499480082,83.0100191377017,8.2203,1.0,7.5332,6.0218,5.5321,4.8135,3.4005,7.1619,2.6875
SITE_242,25.321147555641076,83.0100936552202,8.4944,1.0,6.9601,5.0481,3.6859,4.8523,3.2481,5.9112,2.1104
SITE_243,25.325660113513457,83.01016819066817,6.5686,1.0,6.1489,4.1025,2.3165,4.8195,3.3869,5.3053,1.6462
SITE_244,25.330172668417553,83.01024274404848,6.7811,1.0,5.2639,3.3412,1.5682,4.7197,3.5515,5.2623,1.3465
SITE_245,25.33468522035296,83.01031731536406,8.1711,1.0,4.4695,2.8271,1.2471,4.5972,3.3927,4.6271,1.1866
SITE_246,25.33919776931925,83.01039190461782,8.5704,1.0,3.8728,2.5395,1.1269,4.503,2.8371,3.1619,1.1149
SITE_247,25.343710315316024,83.01046651181265,8.6269,1.0,3.4923,2.4087,1.0754,4.4517,2.1263,1.8398,1.0856
SITE_248,25.348222858342872,83.01054113695146,8.8608,1.0,3.2682,2.3478,1.043,4.4007,1.547,1.208,1.0683
SITE_249,25.352735398399375,83.01061578003714,7.3393,1.0,3.1032,2.2785,1.0204,4.2696,1.2099,1.0325,1.0499
SITE_250,25.357247935485134,83.01069044107264,8.8803,1.0,2.909,2.1539,1.0075,3.9894,1.0636,1.0032,1.0307
SITE_251,25.36176046959972,83.01076512006084,7.214,1.0,2.6351,1.9707,1.0021,3.5472,1.0152,1.0002,1.0154
SITE_252,25.28497927507638,83.01446138389679,4.6113,1.0,4.4415,3.3918,5.539,3.4644,1.782,1.7321,2.0506
SITE_253,25.289491842926438,83.0145359594327,5.0156,1.0,4.6489,3.8282,5.7029,3.3509,2.0691,1.3232,1.9641
SITE_254,25.294004407810526,83.01461055292192,5.1082,1.0,4.9566,4.2599,5.7719,3.236,2.3048,1.1995,1.8912
SITE_255,25.29851696972822,83.01468516436734,4.9642,1.0,5.3737,4.6792,6.0215,3.1818,2.4586,1.598,1.8724
SITE_256,25.3030295286791,83.01475979377184,4.932,1.0,5.8397,5.0267,6.4625,3.2229,2.5108,2.7997,1.8862
SITE_257,25.30754208466277,83.01483444113838,6.3181,1.0,6.2392,5.1964,6.6299,3.3592,2.4432,4.5878,1.8707
SITE_258,25.312054637678806,83.01490910646982,7.3512,1.0,6.4441,5.0935,6.0069,3.5554,2.2853,5.948,1.7717
SITE_259,25.3165671877268,83.01498378976908,8.023,1.0,6.3648,4.7038,4.6492,3.751,2.1559,6.2075,1.589
SITE_260,25.321079734806347,83.01505849103906,8.4306,1.0,5.989,4.115,3.1481,3.8817,2.1815,5.7544,1.3781
SITE_261,25.32559227891703,83.01513321028268,8.1838,1.0,5.3905,3.4735,2.0332,3.9083,2.3417,5.3721,1.2034
SITE_262,25.33010482005843,83.01520794750286,7.9541,1.0,4.7014,2.912,1.4233,3.8383,2.4483,5.1364,1.0934
SITE_263,25.334617358230155,83.01528270270249,8.4563,1.0,4.062,2.5034,1.1623,3.7238,2.3238,4.2985,1.0387
SITE_264,25.339129893431764,83.01535747588447,8.0697,1.0,3.5686,2.2581,1.0683,3.6303,1.9766,2.8526,1.0168
SITE_265,25.34364242566287,83.01543226705175,8.1599,1.0,3.245,2.1439,1.0341,3.5926,1.5725,1.6823,1.0092
SITE_266,25.348154954923057,83.01550707620723,8.8162,1.0,3.0478,2.1059,1.0176,3.5876,1.2653,1.1617,1.0063
SITE_267,25.35266748121191,83.0155819033538,6.8579,1.0,2.8996,2.0828,1.0079,3.546,1.0971,1.0245,1.0044
SITE_268,25.357180004529017,83.01565674849442,8.7934,1.0,2.7276,2.0262,1.0028,3.3956,1.028,1.0024,1.0027
SITE_269,25.36169252487397,83.01573161163196,7.8896,1.0,2.4876,1.9168,1.0008,3.1068,1.0064,1.0001,1.0013
SITE_270,25.31198667736276,83.01987355686204,5.4535,1.0,5.0243,3.2882,4.3175,2.5792,1.4501,3.6177,1.1503
SITE_271,25.316499213617156,83.01994842386571,7.3774,1.0,5.0781,3.2261,3.4269,2.8059,1.4233,4.2193,1.1172
SITE_272,25.321011746902105,83.02002330888428,8.8912,1.0,4.9054,3.0238,2.4417,2.974,1.4678,4.4482,1.0754
SITE_273,25.325524277217202,83.02009821192065,7.9451,1.0,4.5463,2.7465,1.7045,3.0471,1.5503,4.6062,1.0396
SITE_274,25.330036804562024,83.02017313297777,8.7534,1.0,4.0916,2.4667,1.2925,3.0307,1.586,4.6651,1.0171
SITE_275,25.334549328936166,83.02024807205854,8.9246,1.0,3.6453,2.2371,1.109,2.9711,1.5163,4.0049,1.0062
SITE_276,25.339061850339213,83.02032302916585,8.0022,1.0,3.2837,2.0832,1.0396,2.9289,1.3643,2.6919,1.002
SITE_277,25.343574368770756,83.02039800430268,8.1954,1.0,3.0313,2.0073,1.0154,2.9395,1.2036,1.6126,1.0007
SITE_278,25.34808688423039,83.0204729974719,8.3986,1.0,2.8623,1.9904,1.0064,2.9878,1.09,1.1402,1.0003
SITE_279,25.35259939671768,83.02054800867646,7.7794,1.0,2.723,1.9963,1.0025,3.0162,1.0314,1.0203,1.0002
SITE_280,25.357111906232237,83.02062303791925,8.9947,1.0,2.5598,1.984,1.0008,2.9598,1.0086,1.0019,1.0001
SITE_281,25.36162441277365,83.02069808520325,8.4018,1.0,2.3379,1.9262,1.0002,2.7842,1.0019,1.0001,1.0001
SITE_282,25.316431072474245,83.02491303994745,6.8229,1.0,3.9414,2.1408,2.3449,2.1034,1.1168,2.4477,1.0126
SITE_283,25.320943591930718,83.02498810871168,8.5888,1.0,3.9251,2.1586,1.8229,2.2569,1.135,2.8217,1.0082
SITE_284,25.325456108416336,83.0250631955379,7.703,1.0,3.7743,2.1284,1.4289,2.3457,1.1602,3.2046,1.0043
SITE_285,25.329968621930696,83.02513830042903,8.7896,1.0,3.5394,2.0673,1.1958,2.3751,1.1661,3.4987,1.0018
SITE_286,25.334481132473375,83.02521342338801,8.6076,1.0,3.2843,1.994,1.0794,2.3815,1.1404,3.2066,1.0006
SITE_287,25.338993640043956,83.02528856441775,8.3226,1.0,3.0598,1.9286,1.0285,2.4094,1.0945,2.3117,1.0002
SITE_288,25.343506144642042,83.0253637235212,8.1257,1.0,2.8859,1.8898,1.009,2.4818,1.0504,1.4945,1.0
SITE_289,25.34801864626721,83.02543890070125,8.4191,1.0,2.7502,1.8852,1.0027,2.5816,1.0212,1.1161,1.0
SITE_290,25.352531144919055,83.02551409596084,8.7944,1.0,2.6198,1.9026,1.0008,2.6599,1.007,1.0169,1.0
SITE_291,25.357043640597166,83.02558930930293,8.9891,1.0,2.4587,1.9134,1.0002,2.6629,1.0018,1.0015,1.0
SITE_292,25.36155613330113,83.02566454073042,8.9713,1.0,2.241,1.889,1.0,2.5588,1.0004,1.0001,1.0
SITE_293,25.325387772516812,83.03002816109023,8.9464,1.0,3.1679,1.6963,1.2504,1.8174,1.0328,1.9708,1.0002
SITE_294,25.32990027216681,83.03010344981247,8.0156,1.0,3.0966,1.7371,1.1338,1.8743,1.0328,2.2344,1.0001
SITE_295,25.334412768844135,83.03017875664673,6.6672,1.0,2.9951,1.7527,1.0617,1.9328,1.0265,2.1886,1.0
SITE_296,25.338925262548365,83.03025408159596,6.5597,1.0,2.8893,1.7478,1.0232,2.0185,1.017,1.7596,1.0
SITE_297,25.343437753279098,83.03032942466308,6.4628,1.0,2.7912,1.738,1.0069,2.1379,1.0086,1.3056,1.0
SITE_298,25.347950241035925,83.03040478585103,8.3927,1.0,2.695,1.7388,1.0016,2.2697,1.0035,1.0762,1.0
SITE_299,25.352462725818413,83.03048016516276,7.7529,1.0,2.5813,1.7525,1.0003,2.3732,1.0011,1.0117,1.0
SITE_300,25.35697520762617,83.0305555626012,8.5782,1.0,2.426,1.7645,1.0001,2.4072,1.0003,1.0011,1.0
SITE_301,25.32983175527275,83.03506858108386,8.2058,1.0,2.7405,1.4796,1.0913,1.5156,1.0045,1.4344,1.0
SITE_302,25.334344238050836,83.03514407179048,6.3119,1.0,2.734,1.5219,1.0458,1.6006,1.0035,1.4569,1.0
SITE_303,25.33885671785482,83.03521958065627,5.4197,1.0,2.7112,1.549,1.0177,1.7128,1.0021,1.3153,1.0
SITE_304,25.343369194684307,83.03529510768415,7.1309,1.0,2.6754,1.5631,1.0051,1.8473,1.001,1.1364,1.0
SITE_305,25.34788166853888,83.03537065287706,8.985,1.0,2.6217,1.572,1.0011,1.983,1.0004,1.0364,1.0
SITE_306,25.35239413941812,83.03544621623797,7.1358,1.0,2.5362,1.5795,1.0002,2.0899,1.0001,1.006,1.0
SITE_307,25.3387880059657,83.04018506155448,5.8988,1.0,2.4457,1.3679,1.0112,1.4681,1.0002,1.0927,1.0
SITE_308,25.34330046886005,83.04026077254018,7.898,1.0,2.4508,1.3987,1.0032,1.5857,1.0001,1.0432,1.0
